{"cameraMode":{"drawMode":0,"name":"Shaded","section":"Shading Mode"},"sceneLighting":true,"audioPlay":false,"sceneViewState":{"m_AlwaysRefresh":false,"showFog":true,"showSkybox":true,"showFlares":true,"showImageEffects":true,"showParticleSystems":true,"showVisualEffectGraphs":true,"m_FxEnabled":true},"in2DMode":false,"pivot":{"x":-1.7878670692443848,"y":-3.3059229850769045,"z":-0.17121648788452149},"rotation":{"x":0.30778926610946658,"y":0.012844317592680455,"z":-0.004155316390097141,"w":0.9513591527938843},"size":5.869953632354736,"orthographic":false}