{"cameraMode":{"drawMode":0,"name":"Shaded","section":"Shading Mode"},"sceneLighting":true,"audioPlay":false,"sceneViewState":{"m_AlwaysRefresh":false,"showFog":true,"showSkybox":true,"showFlares":true,"showImageEffects":true,"showParticleSystems":true,"showVisualEffectGraphs":true,"m_FxEnabled":true},"in2DMode":false,"pivot":{"x":1.3656184673309327,"y":-0.30385303497314455,"z":0.6834837198257446},"rotation":{"x":0.09868127107620239,"y":-0.05609270557761192,"z":0.0055707162246108059,"w":0.9935241341590881},"size":0.8660253882408142,"orthographic":false}